id,website,login,password
1,new_website.com,msddsma,new_pa
2,lesbian,ff,123456
3,fdfdfff,ff,Ja_D3N17
4,pussy,ff,20031991
5,fdfdfff,ff,5454
<<<<<<< HEAD
6,fdfdfff,ff,5454
7,gf,gfgf,fgfg
8,gf,gfgf,fgfg
9,gfgfg,fgfg,fgfg
10,nmmnmm,ffef,swas
11,new_website.com,mama,new_password
12,new_website.com,new_login,new_password
13,fdffd,dfdfd,ASFgdfzshnjujxsdghnsmxfrgrdxgjsxf
14,dfesdwwwwfdffd,dfdfd,ASFgdfzshnjujxsdghnsmxfrgrdxgjsxf
=======
6,gfgfg,fgfg,fgfg
7,nmmnmm,ffef,swas
8,new_website.com,mama,new_password
9,new_website.com,new_login,new_pa
10,fdffd,dfdfd,ASFgdfzshnjuj
11,dfesdwwwwfdffd,dfdfd,ASFg
>>>>>>> Experimental_ai
